GraphType,Vertices,Edges,CSRMemMB,Threads,SeqTimeMS,ParTimeMS,Speedup,Efficiency,SeqMTEPS,ParMTEPS,Verified
scale_free,100000,1599928,6.87,1,29.1450,34.7960,0.8376,0.8376,54.8955,45.9802,PASSED
scale_free,100000,1599928,6.87,2,42.5230,32.4490,1.3105,0.6552,37.6250,49.3059,PASSED
scale_free,100000,1599928,6.87,3,24.1460,20.3230,1.1881,0.3960,66.2606,78.7250,PASSED
scale_free,100000,1599928,6.87,4,30.1780,8.6100,3.5050,0.8762,53.0164,185.8221,PASSED
erdos,100000,1599878,6.87,1,34.6160,30.3150,1.1419,1.1419,46.2179,52.7751,PASSED
erdos,100000,1599878,6.87,2,35.0770,15.2670,2.2976,1.1488,45.6105,104.7932,PASSED
erdos,100000,1599878,6.87,3,30.0250,15.3140,1.9606,0.6535,53.2849,104.4716,PASSED
erdos,100000,1599878,6.87,4,37.2060,12.4520,2.9880,0.7470,43.0005,128.4836,PASSED
scale_free,20000,319928,1.37,4,5.0300,0.0000,1.0000,0.2500,63.6040,0.0000,PASSED
scale_free,50000,799928,3.43,4,24.7420,14.8950,1.6611,0.4153,32.3308,53.7045,PASSED
scale_free,100000,1599928,6.87,4,39.9520,17.5030,2.2826,0.5706,40.0463,91.4088,PASSED
scale_free,200000,3199928,13.73,4,214.6540,35.5000,6.0466,1.5116,14.9074,90.1388,PASSED
scale_free,400000,6399928,27.47,4,169.7340,71.7380,2.3660,0.5915,37.7056,89.2125,PASSED
erdos,20000,319872,1.37,4,5.0080,5.0350,0.9946,0.2487,63.8722,63.5297,PASSED
erdos,50000,799872,3.43,4,5.1160,14.9740,0.3417,0.0854,156.3471,53.4174,PASSED
erdos,100000,1599878,6.87,4,40.6420,10.4530,3.8881,0.9720,39.3651,153.0544,PASSED
erdos,200000,3199870,13.73,4,104.8210,42.6940,2.4552,0.6138,30.5270,74.9489,PASSED
erdos,400000,6399878,27.47,4,205.5530,74.0670,2.7752,0.6938,31.1349,86.4066,PASSED
